Fichier,Chaine,Residus,Distance_A
3dw6.cif,A,1-2,5.8036
3dw6.cif,A,2-3,5.6109
3dw6.cif,A,3-4,5.8018
3dw6.cif,A,4-5,5.6951
3dw6.cif,A,5-6,5.7868
3dw6.cif,A,6-7,5.5049
3dw6.cif,A,7-8,4.9148
3dw6.cif,A,8-9,5.6897
3dw6.cif,A,9-10,6.1854
3dw6.cif,A,10-11,5.648
3dw6.cif,A,11-12,5.4387
3dw6.cif,A,12-13,5.6508
3dw6.cif,A,13-14,5.3951
3dw6.cif,A,14-15,5.4577
3dw6.cif,A,15-16,5.535
3dw6.cif,A,16-17,5.6961
3dw6.cif,A,17-18,5.5415
3dw6.cif,A,18-19,6.1503
3dw6.cif,A,19-20,5.8385
3dw6.cif,A,20-21,5.5289
3dw6.cif,A,21-22,5.5408
3dw6.cif,A,22-23,5.7215
3dw6.cif,A,23-24,5.6534
3dw6.cif,A,24-25,5.9706
3dw6.cif,A,25-26,5.6309
3dw6.cif,A,26-27,5.726
4rbq.cif,A,1-2,5.9804
4rbq.cif,A,2-3,5.7218
4rbq.cif,A,3-4,6.0331
4rbq.cif,A,4-5,5.7847
4rbq.cif,A,5-6,5.7765
4rbq.cif,A,6-7,5.8705
4rbq.cif,A,7-8,5.719
4rbq.cif,A,8-9,5.7826
4rbq.cif,A,9-10,5.8449
4rbq.cif,A,10-11,5.8726
4rbq.cif,A,11-12,5.82
4rbq.cif,A,12-13,5.826
4rbq.cif,A,13-14,5.7164
4rbq.cif,A,14-15,5.7484
4rbq.cif,A,15-16,5.8492
4rbq.cif,A,16-17,5.7668
4rbq.cif,A,17-18,5.7306
4rbq.cif,A,18-19,5.751
4rbq.cif,A,19-20,5.7044
4rbq.cif,A,20-21,5.8704
4rbq.cif,A,21-22,5.7409
4rbq.cif,A,22-23,5.7743
4rbq.cif,A,23-24,5.6973
4rbq.cif,A,24-25,5.7983
4rbq.cif,A,25-26,5.6912
4rbq.cif,A,26-27,5.8743
4rbq.cif,A,27-28,5.7696
4rbq.cif,A,28-29,5.6297
4rbq.cif,A,29-30,5.832
4rbq.cif,A,30-31,5.6314
4rbq.cif,A,31-32,5.8357
6zyb.cif,A,1-2,5.036
6zyb.cif,A,2-3,5.0416
6zyb.cif,A,3-4,5.9342
6zyb.cif,A,4-5,5.5711
6zyb.cif,A,5-6,5.8675
6zyb.cif,A,6-7,5.5197
6zyb.cif,A,7-8,4.9811
6zyb.cif,A,8-9,5.653
6zyb.cif,A,9-10,6.1895
6zyb.cif,A,10-11,5.7282
6zyb.cif,A,11-12,5.4745
6zyb.cif,A,12-13,5.6417
6zyb.cif,A,13-14,5.3969
6zyb.cif,A,14-15,5.5361
6zyb.cif,A,15-16,5.5795
6zyb.cif,A,16-17,5.7169
6zyb.cif,A,17-18,5.5454
6zyb.cif,A,18-19,6.0758
6zyb.cif,A,19-20,5.7954
6zyb.cif,A,20-21,5.5342
6zyb.cif,A,21-22,5.5547
6zyb.cif,A,22-23,5.6754
6zyb.cif,A,23-24,5.8083
6zyb.cif,A,24-25,5.7965
6zyb.cif,A,25-26,5.6797
6zyb.cif,A,26-27,5.8865
7qsh.cif,A,3-4,5.8726
7qsh.cif,A,4-5,5.6244
7qsh.cif,A,5-6,5.8101
7qsh.cif,A,6-7,5.5387
7qsh.cif,A,7-8,4.9305
7qsh.cif,A,8-9,5.725
7qsh.cif,A,9-10,6.1376
7qsh.cif,A,10-11,5.7186
7qsh.cif,A,11-12,5.4747
7qsh.cif,A,12-13,5.6216
7qsh.cif,A,13-14,5.4278
7qsh.cif,A,14-15,5.5181
7qsh.cif,A,15-16,5.5657
7qsh.cif,A,16-17,5.7013
7qsh.cif,A,17-18,5.548
7qsh.cif,A,18-19,6.1201
7qsh.cif,A,19-20,5.8353
7qsh.cif,A,20-21,5.5205
7qsh.cif,A,21-22,5.5497
7qsh.cif,A,22-23,5.7441
7qsh.cif,A,23-24,5.6074
7qsh.cif,A,24-25,5.6954
7qsh.cif,A,25-26,5.7574
7qsh.cif,A,26-27,6.0747
5nqi.cif,A,1-2,6.3072
5nqi.cif,A,2-3,6.7043
5nqi.cif,A,3-4,5.8471
5nqi.cif,A,4-5,5.5546
5nqi.cif,A,5-6,5.8485
5nqi.cif,A,6-7,5.6253
5nqi.cif,A,7-8,5.0594
5nqi.cif,A,8-9,5.6833
5nqi.cif,A,9-10,6.3232
5nqi.cif,A,10-11,5.7075
5nqi.cif,A,11-12,5.4608
5nqi.cif,A,12-13,5.5683
5nqi.cif,A,13-14,5.4269
5nqi.cif,A,14-15,5.5768
5nqi.cif,A,15-16,5.6032
5nqi.cif,A,16-17,5.7575
5nqi.cif,A,17-18,5.5267
5nqi.cif,A,18-19,6.1041
5nqi.cif,A,19-20,5.8625
5nqi.cif,A,20-21,5.5609
5nqi.cif,A,21-22,5.6452
5nqi.cif,A,22-23,5.7111
5nqi.cif,A,23-24,5.8913
5nqi.cif,A,24-25,5.8994
5nqi.cif,A,25-26,5.7189
5nqi.cif,A,26-27,5.8037
5ebi.cif,A,1-2,5.9223
5ebi.cif,A,2-3,5.4338
5ebi.cif,A,3-4,5.833
5ebi.cif,A,4-5,5.0681
5ebi.cif,A,5-6,6.1114
5ebi.cif,B,1-2,5.8413
5ebi.cif,B,2-3,5.2798
5ebi.cif,B,3-4,5.8029
5ebi.cif,B,4-5,5.2083
5ebi.cif,B,5-6,6.3588
5ebi.cif,C,1-2,6.058
5ebi.cif,C,2-3,5.4218
5ebi.cif,C,3-4,5.8048
5ebi.cif,C,4-5,5.0865
5ebi.cif,C,5-6,6.0811
5ebi.cif,D,1-2,5.8296
5ebi.cif,D,2-3,5.2596
5ebi.cif,D,3-4,5.8433
5ebi.cif,D,4-5,5.1929
5ebi.cif,D,5-6,6.3681
5ebi.cif,E,1-2,5.7344
5ebi.cif,E,2-3,5.4224
5ebi.cif,E,3-4,5.8654
5ebi.cif,E,4-5,5.3336
5ebi.cif,E,5-6,6.2331
5ebi.cif,F,1-2,5.8935
5ebi.cif,F,2-3,5.4885
5ebi.cif,F,3-4,6.0914
5ebi.cif,F,4-5,5.1862
5ebi.cif,F,5-6,6.1473
5ebi.cif,G,1-2,5.7488
5ebi.cif,G,2-3,5.4423
5ebi.cif,G,3-4,5.8826
5ebi.cif,G,4-5,5.3096
5ebi.cif,G,5-6,6.2351
5ebi.cif,H,1-2,5.9328
5ebi.cif,H,2-3,5.4879
5ebi.cif,H,3-4,6.0215
5ebi.cif,H,4-5,5.22
5ebi.cif,H,5-6,6.1545
4rne.cif,A,1-2,6.0174
4rne.cif,A,2-3,6.0202
4rne.cif,A,3-4,6.381
4rne.cif,A,4-5,5.6352
4rne.cif,A,5-6,5.6832
4rne.cif,B,1-2,6.0117
4rne.cif,B,2-3,5.9889
4rne.cif,B,3-4,6.3538
4rne.cif,B,4-5,5.7593
4rne.cif,B,5-6,5.0165
4rne.cif,C,1-2,6.0351
4rne.cif,C,2-3,6.053
4rne.cif,C,3-4,6.4021
4rne.cif,C,4-5,5.7241
4rne.cif,C,5-6,4.9157
4rne.cif,D,1-2,6.0092
4rne.cif,D,2-3,6.0195
4rne.cif,D,3-4,6.3208
4rne.cif,D,4-5,5.726
4rne.cif,D,5-6,4.9966
4rne.cif,E,1-2,5.9755
4rne.cif,E,2-3,5.9772
4rne.cif,E,3-4,6.3622
4rne.cif,E,4-5,5.7952
4rne.cif,E,5-6,5.2227
4rne.cif,F,1-2,6.0459
4rne.cif,F,2-3,6.0048
4rne.cif,F,3-4,6.3284
4rne.cif,F,4-5,5.6664
4rne.cif,F,5-6,5.5542
4rne.cif,G,1-2,5.9972
4rne.cif,G,2-3,6.0433
4rne.cif,G,3-4,6.3888
4rne.cif,G,4-5,5.7759
4rne.cif,G,5-6,4.75
4rne.cif,H,1-2,5.9995
4rne.cif,H,2-3,6.0207
4rne.cif,H,3-4,6.3691
4rne.cif,H,4-5,5.7699
4rne.cif,H,5-6,5.1689
5v2h.cif,A,1-2,5.7621
5v2h.cif,A,2-3,5.7582
5v2h.cif,A,3-4,6.2005
5v2h.cif,A,6-7,5.6155
5v2h.cif,A,7-8,5.7438
5v2h.cif,B,1-2,5.7648
5v2h.cif,B,2-3,5.6865
5v2h.cif,B,3-4,6.2208
5v2h.cif,B,6-7,5.6116
5v2h.cif,B,7-8,5.7415
5v2h.cif,C,1-2,5.6733
5v2h.cif,C,2-3,5.6569
5v2h.cif,C,3-4,6.3012
5v2h.cif,C,6-7,5.6914
5v2h.cif,C,7-8,5.7208
5v2h.cif,D,1-2,5.7364
5v2h.cif,D,2-3,5.6676
5v2h.cif,D,3-4,6.2888
5v2h.cif,D,6-7,5.6361
5v2h.cif,D,7-8,5.7843
5da6.cif,A,1-2,5.6168
5da6.cif,A,2-3,5.2657
5da6.cif,A,3-4,5.7837
5da6.cif,A,4-5,5.731
5da6.cif,A,5-6,5.7693
5da6.cif,A,6-7,5.8712
5da6.cif,A,7-8,5.7092
5da6.cif,A,8-9,5.7782
5da6.cif,A,9-10,5.8392
5da6.cif,A,10-11,5.8538
5da6.cif,A,11-12,5.8167
5da6.cif,A,12-13,5.8182
5da6.cif,A,13-14,5.7057
5da6.cif,A,14-15,5.7457
5da6.cif,A,15-16,5.8545
5da6.cif,A,16-17,5.7528
5da6.cif,A,17-18,5.7339
5da6.cif,A,18-19,5.7381
5da6.cif,A,19-20,5.7012
5da6.cif,A,20-21,5.8696
5da6.cif,A,21-22,5.7402
5da6.cif,A,22-23,5.7619
5da6.cif,A,23-24,5.7045
5da6.cif,A,24-25,5.7827
5da6.cif,A,25-26,5.6904
5da6.cif,A,26-27,5.8713
5da6.cif,A,27-28,5.7664
5da6.cif,A,28-29,5.6221
5da6.cif,A,29-30,5.8243
5da6.cif,A,30-31,5.6225
5da6.cif,A,31-32,5.8264
4y27.cif,A,1-2,5.8847
4y27.cif,A,2-3,5.5793
4y27.cif,A,3-4,5.7445
4y27.cif,A,4-5,5.6168
4y27.cif,A,5-6,5.8589
4y27.cif,A,6-7,5.5419
4y27.cif,A,7-8,5.0287
4y27.cif,A,8-9,5.6498
4y27.cif,A,9-10,6.1719
4y27.cif,A,10-11,5.709
4y27.cif,A,11-12,5.5184
4y27.cif,A,12-13,5.5538
4y27.cif,A,13-14,5.3966
4y27.cif,A,14-15,5.5205
4y27.cif,A,15-16,5.5886
4y27.cif,A,16-17,5.5564
4y27.cif,A,17-18,5.5634
4y27.cif,A,18-19,6.1061
4y27.cif,A,19-20,5.8377
4y27.cif,A,20-21,5.5431
4y27.cif,A,21-22,5.5449
4y27.cif,A,22-23,5.7057
4y27.cif,A,23-24,5.8101
4y27.cif,A,24-25,5.7924
4y27.cif,A,25-26,5.613
4y27.cif,A,26-27,5.8381
8vjt.cif,A,1-2,4.4053
8vjt.cif,A,2-3,6.6655
8vjt.cif,A,3-4,5.6973
8vjt.cif,A,4-5,5.6383
8vjt.cif,A,5-6,5.3736
8vjt.cif,B,1-2,4.561
8vjt.cif,B,2-3,5.9295
8vjt.cif,B,3-4,6.4063
8vjt.cif,B,4-5,5.9732
8vjt.cif,B,5-6,4.9195
7qua.cif,A,1-2,5.7663
7qua.cif,A,2-3,5.8034
7qua.cif,A,3-4,5.7011
7qua.cif,A,4-5,5.6871
7qua.cif,A,5-6,5.7983
7qua.cif,A,6-7,5.6668
7qua.cif,A,7-8,5.7728
7qua.cif,A,8-9,5.6605
7qua.cif,A,9-10,5.7473
7qua.cif,A,10-11,5.6278
7qua.cif,A,11-12,5.737
4nlf.cif,A,1-2,5.9002
4nlf.cif,A,2-3,5.6029
4nlf.cif,A,3-4,5.8101
4nlf.cif,A,4-5,5.6711
4nlf.cif,A,5-6,5.8652
4nlf.cif,A,6-7,5.5612
4nlf.cif,A,7-8,4.9655
4nlf.cif,A,8-9,5.7192
4nlf.cif,A,9-10,6.146
4nlf.cif,A,10-11,5.7138
4nlf.cif,A,11-12,5.495
4nlf.cif,A,12-13,5.617
4nlf.cif,A,13-14,5.3758
4nlf.cif,A,14-15,5.5749
4nlf.cif,A,15-16,5.6162
4nlf.cif,A,16-17,5.684
4nlf.cif,A,17-18,5.5119
4nlf.cif,A,18-19,6.0836
4nlf.cif,A,19-20,5.7862
4nlf.cif,A,20-21,5.5493
4nlf.cif,A,21-22,5.498
4nlf.cif,A,22-23,5.847
4nlf.cif,A,23-24,5.8087
4nlf.cif,A,24-25,5.8967
4nlf.cif,A,25-26,5.6081
4nlf.cif,A,26-27,5.7075
1q9a.cif,A,1-2,6.9717
1q9a.cif,A,2-3,6.5184
1q9a.cif,A,3-4,5.8417
1q9a.cif,A,4-5,5.6682
1q9a.cif,A,5-6,5.8349
1q9a.cif,A,6-7,5.5065
1q9a.cif,A,7-8,4.9123
1q9a.cif,A,8-9,5.8706
1q9a.cif,A,9-10,6.0822
1q9a.cif,A,10-11,5.7464
1q9a.cif,A,11-12,5.405
1q9a.cif,A,12-13,5.5956
1q9a.cif,A,13-14,5.3452
1q9a.cif,A,14-15,5.543
1q9a.cif,A,15-16,5.5512
1q9a.cif,A,16-17,5.6569
1q9a.cif,A,17-18,5.5325
1q9a.cif,A,18-19,6.1273
1q9a.cif,A,19-20,5.8055
1q9a.cif,A,20-21,5.493
1q9a.cif,A,21-22,5.5532
1q9a.cif,A,22-23,5.7491
1q9a.cif,A,23-24,5.7941
1q9a.cif,A,24-25,6.0068
1q9a.cif,A,25-26,5.6225
1q9a.cif,A,26-27,6.0448
4rkv.cif,A,1-2,6.0299
4rkv.cif,A,2-3,5.9454
4rkv.cif,A,3-4,6.3406
4rkv.cif,A,4-5,5.6602
4rkv.cif,A,5-6,4.8789
4rkv.cif,B,1-2,5.992
4rkv.cif,B,2-3,6.0025
4rkv.cif,B,3-4,6.3281
4rkv.cif,B,4-5,5.698
4rkv.cif,B,5-6,5.7502
3nj6.cif,A,1-2,5.847
3nj6.cif,A,2-3,5.6848
3nj6.cif,A,3-4,5.6919
3nj6.cif,A,4-5,6.2569
3nj6.cif,A,5-6,5.8259
3nj6.cif,A,6-7,5.4838
3nj6.cif,A,7-8,6.0528
3nj6.cif,A,8-9,5.6661
3nj6.cif,A,9-10,5.786
4xk0.cif,A,1-2,5.8572
4xk0.cif,A,2-3,6.6458
4xk0.cif,A,3-4,5.816
4xk0.cif,A,4-5,5.7938
4xk0.cif,A,5-6,5.0266
4xk0.cif,B,1-2,5.6128
4xk0.cif,B,2-3,5.8224
4xk0.cif,B,3-4,5.7711
4xk0.cif,B,4-5,5.7203
4xk0.cif,B,5-6,4.8706
4nmg.cif,A,1-2,7.0211
4nmg.cif,A,2-3,6.6778
4nmg.cif,A,3-4,5.7364
4nmg.cif,A,4-5,5.6194
4nmg.cif,A,5-6,5.8331
4nmg.cif,A,6-7,5.5298
4nmg.cif,A,7-8,4.9243
4nmg.cif,A,8-9,5.6653
4nmg.cif,A,9-10,6.0913
4nmg.cif,A,10-11,5.7862
4nmg.cif,A,11-12,5.4579
4nmg.cif,A,12-13,5.5866
4nmg.cif,A,13-14,5.4083
4nmg.cif,A,14-15,5.5089
4nmg.cif,A,15-16,5.5935
4nmg.cif,A,16-17,5.6936
4nmg.cif,A,17-18,5.5674
4nmg.cif,A,18-19,6.1396
4nmg.cif,A,19-20,5.8329
4nmg.cif,A,20-21,5.5004
4nmg.cif,A,21-22,5.5668
4nmg.cif,A,22-23,5.7565
4nmg.cif,A,23-24,5.7633
4nmg.cif,A,24-25,5.8961
4nmg.cif,A,25-26,5.5676
4nmg.cif,A,26-27,5.67
6y0y.cif,A,1-2,5.5612
6y0y.cif,A,2-3,5.6101
6y0y.cif,A,3-4,5.6523
6y0y.cif,A,4-5,5.7329
6y0y.cif,A,5-6,5.8073
6y0y.cif,A,6-7,5.3959
6y0y.cif,A,7-8,5.0893
6y0y.cif,A,8-9,5.6961
6y0y.cif,A,9-10,6.1518
6y0y.cif,A,10-11,5.6914
6y0y.cif,A,11-12,5.4456
6y0y.cif,A,12-13,5.6558
6y0y.cif,A,13-14,5.3681
6y0y.cif,A,14-15,5.5905
6y0y.cif,A,15-16,5.6441
6y0y.cif,A,16-17,5.7085
6y0y.cif,A,17-18,5.5175
6y0y.cif,A,18-19,6.0661
6y0y.cif,A,19-20,5.6027
6y0y.cif,A,20-21,5.8038
6y0y.cif,A,21-22,5.431
6y0y.cif,A,22-23,6.1068
6y0y.cif,A,23-24,5.6679
6y0y.cif,A,24-25,5.7931
6y0y.cif,A,25-26,5.6126
6y0y.cif,A,26-27,5.7458
4jrd.cif,A,1-2,5.9429
4jrd.cif,A,2-3,5.7779
4jrd.cif,A,3-4,5.6849
4jrd.cif,A,4-5,5.6931
4jrd.cif,A,5-6,5.5975
4jrd.cif,A,6-7,5.6207
4jrd.cif,A,7-8,5.7426
4jrd.cif,A,8-9,5.6423
4jrd.cif,A,9-10,5.6433
4jrd.cif,A,10-11,5.6529
4jrd.cif,B,1-2,5.6766
4jrd.cif,B,2-3,5.5686
4jrd.cif,B,3-4,5.5556
4jrd.cif,B,4-5,5.7433
4jrd.cif,B,5-6,5.72
4jrd.cif,B,6-7,5.6883
4jrd.cif,B,7-8,5.6605
4jrd.cif,B,8-9,5.6432
4jrd.cif,B,9-10,5.6577
4jrd.cif,B,10-11,5.6348
4rj1.cif,A,1-2,6.0603
4rj1.cif,A,2-3,6.0489
4rj1.cif,A,3-4,6.3909
4rj1.cif,A,4-5,5.7852
4rj1.cif,A,5-6,5.0558
4rj1.cif,B,1-2,6.0221
4rj1.cif,B,2-3,6.0551
4rj1.cif,B,3-4,6.3247
4rj1.cif,B,4-5,5.7007
4rj1.cif,B,5-6,4.4841
5d99.cif,A,1-2,5.8483
5d99.cif,A,2-3,5.6203
5d99.cif,A,3-4,5.7938
5d99.cif,A,4-5,5.6556
5d99.cif,A,5-6,5.8312
5d99.cif,A,6-7,5.5363
5d99.cif,A,7-8,4.8577
5d99.cif,A,8-9,5.374
5d99.cif,A,9-10,6.2315
5d99.cif,A,10-11,5.6673
5d99.cif,A,11-12,5.476
5d99.cif,A,12-13,5.6739
5d99.cif,A,13-14,5.4344
5d99.cif,A,14-15,5.4888
5d99.cif,A,15-16,5.5539
5d99.cif,A,16-17,5.7131
5d99.cif,A,17-18,5.5753
5d99.cif,A,18-19,6.1272
5d99.cif,A,19-20,5.8448
5d99.cif,A,20-21,5.5646
5d99.cif,A,21-22,5.5692
5d99.cif,A,22-23,5.743
5d99.cif,A,23-24,5.7389
5d99.cif,A,24-25,6.2082
5d99.cif,A,25-26,5.5052
5d99.cif,A,26-27,5.7524
5mrx.cif,A,1-2,6.3072
5mrx.cif,A,2-3,6.7043
5mrx.cif,A,3-4,5.8471
5mrx.cif,A,4-5,5.5546
5mrx.cif,A,5-6,5.8485
5mrx.cif,A,6-7,5.6253
5mrx.cif,A,7-8,5.0594
5mrx.cif,A,8-9,5.6833
5mrx.cif,A,9-10,6.3232
5mrx.cif,A,10-11,5.7075
5mrx.cif,A,11-12,5.4608
5mrx.cif,A,12-13,5.5683
5mrx.cif,A,13-14,5.4269
5mrx.cif,A,14-15,5.5768
5mrx.cif,A,15-16,5.6032
5mrx.cif,A,16-17,5.7575
5mrx.cif,A,17-18,5.5267
5mrx.cif,A,18-19,6.1041
5mrx.cif,A,19-20,5.8625
5mrx.cif,A,20-21,5.5609
5mrx.cif,A,21-22,5.6452
5mrx.cif,A,22-23,5.7111
5mrx.cif,A,23-24,5.8913
5mrx.cif,A,24-25,5.8994
5mrx.cif,A,25-26,5.7189
5mrx.cif,A,26-27,5.8037
1j8g.cif,A,1-2,6.0281
1j8g.cif,A,2-3,6.0179
1j8g.cif,A,3-4,6.4104
1j8g.cif,A,4-5,5.7476
1j8g.cif,A,5-6,4.9719
1j8g.cif,B,1-2,5.906
1j8g.cif,B,2-3,5.9681
1j8g.cif,B,3-4,6.364
1j8g.cif,B,4-5,5.82
1j8g.cif,B,5-6,5.8377
1j8g.cif,C,1-2,6.1117
1j8g.cif,C,2-3,6.0405
1j8g.cif,C,3-4,6.3744
1j8g.cif,C,4-5,5.778
1j8g.cif,C,5-6,5.0192
1j8g.cif,D,1-2,6.0748
1j8g.cif,D,2-3,5.9875
1j8g.cif,D,3-4,6.3599
1j8g.cif,D,4-5,5.7099
1j8g.cif,D,5-6,5.022
3dw5.cif,A,1-2,6.6197
3dw5.cif,A,2-3,6.4499
3dw5.cif,A,3-4,5.7147
3dw5.cif,A,4-5,5.5918
3dw5.cif,A,5-6,5.8212
3dw5.cif,A,6-7,5.5138
3dw5.cif,A,7-8,4.9308
3dw5.cif,A,8-9,5.6921
3dw5.cif,A,9-10,6.1147
3dw5.cif,A,10-11,5.7233
3dw5.cif,A,11-12,5.4368
3dw5.cif,A,12-13,5.5798
3dw5.cif,A,13-14,5.3656
3dw5.cif,A,14-15,5.481
3dw5.cif,A,15-16,5.5455
3dw5.cif,A,16-17,5.716
3dw5.cif,A,17-18,5.5364
3dw5.cif,A,18-19,6.167
3dw5.cif,A,19-20,5.8237
3dw5.cif,A,20-21,5.4979
3dw5.cif,A,21-22,5.5547
3dw5.cif,A,22-23,5.7269
3dw5.cif,A,23-24,5.7771
3dw5.cif,A,24-25,5.81
3dw5.cif,A,25-26,5.5884
3dw5.cif,A,26-27,5.7784
7qp2.cif,A,1-2,6.8925
7qp2.cif,A,2-3,6.48
7qp2.cif,A,3-4,5.7155
7qp2.cif,A,4-5,5.5777
7qp2.cif,A,5-6,5.8279
7qp2.cif,A,6-7,5.5332
7qp2.cif,A,7-8,4.9539
7qp2.cif,A,8-9,5.7171
7qp2.cif,A,9-10,6.1149
7qp2.cif,A,10-11,5.7332
7qp2.cif,A,11-12,5.473
7qp2.cif,A,12-13,5.6073
7qp2.cif,A,13-14,5.4099
7qp2.cif,A,14-15,5.5107
7qp2.cif,A,15-16,5.5696
7qp2.cif,A,16-17,5.6861
7qp2.cif,A,17-18,5.5717
7qp2.cif,A,18-19,6.1461
7qp2.cif,A,19-20,5.833
7qp2.cif,A,20-21,5.5038
7qp2.cif,A,21-22,5.5988
7qp2.cif,A,22-23,5.7777
7qp2.cif,A,23-24,5.7947
7qp2.cif,A,24-25,5.8205
7qp2.cif,A,25-26,5.6256
7qp2.cif,A,26-27,5.8355
5k8h.cif,A,2-3,5.8607
3dw4.cif,A,1-2,5.8063
3dw4.cif,A,2-3,5.5985
3dw4.cif,A,3-4,5.7983
3dw4.cif,A,4-5,5.6375
3dw4.cif,A,5-6,5.8225
3dw4.cif,A,6-7,5.5136
3dw4.cif,A,7-8,4.9599
3dw4.cif,A,8-9,5.6576
3dw4.cif,A,9-10,6.1858
3dw4.cif,A,10-11,5.6446
3dw4.cif,A,11-12,5.4347
3dw4.cif,A,12-13,5.6506
3dw4.cif,A,13-14,5.4026
3dw4.cif,A,14-15,5.4637
3dw4.cif,A,15-16,5.5374
3dw4.cif,A,16-17,5.7068
3dw4.cif,A,17-18,5.5561
3dw4.cif,A,18-19,6.1606
3dw4.cif,A,19-20,5.8258
3dw4.cif,A,20-21,5.5293
3dw4.cif,A,21-22,5.5355
3dw4.cif,A,22-23,5.7335
3dw4.cif,A,23-24,5.6793
3dw4.cif,A,24-25,5.942
3dw4.cif,A,25-26,5.6133
3dw4.cif,A,26-27,5.7504
8pfq.cif,A,1-2,5.7823
8pfq.cif,A,2-3,5.6912
8pfq.cif,A,3-4,5.7758
8pfq.cif,A,4-5,5.7701
8pfq.cif,A,5-6,5.6228
8pfq.cif,A,6-7,5.8421
8pfq.cif,A,7-8,5.688
8pfq.cif,A,8-9,5.7025
8pfq.cif,A,9-10,5.7037
8pfq.cif,A,10-11,5.6838
8pfq.cif,A,11-12,5.764
8pfq.cif,B,1-2,5.7432
8pfq.cif,B,2-3,5.7973
8pfq.cif,B,3-4,5.7511
8pfq.cif,B,4-5,5.7914
8pfq.cif,B,5-6,5.6222
8pfq.cif,B,6-7,5.6867
8pfq.cif,B,7-8,5.8673
8pfq.cif,B,8-9,5.6888
8pfq.cif,B,9-10,5.837
8pfq.cif,B,10-11,5.6777
8pfq.cif,B,11-12,5.73
9en6.cif,A,1-2,5.7735
9en6.cif,A,2-3,5.7057
9en6.cif,A,3-4,5.9443
9en6.cif,A,4-5,6.1121
9en6.cif,A,5-6,5.7236
9en6.cif,B,1-2,5.7824
9en6.cif,B,2-3,5.8156
9en6.cif,B,3-4,5.7922
9en6.cif,B,4-5,5.6896
9en6.cif,B,5-6,5.7655
9en6.cif,C,1-2,5.8029
9en6.cif,C,2-3,5.7421
9en6.cif,C,3-4,5.7061
9en6.cif,C,4-5,5.9531
9en6.cif,C,5-6,5.6425
9en6.cif,D,1-2,5.7706
9en6.cif,D,2-3,5.6997
9en6.cif,D,3-4,5.8105
9en6.cif,D,4-5,5.5931
9en6.cif,D,5-6,6.1197
7l3r.cif,A,1-2,5.5221
7l3r.cif,A,2-3,5.2454
7l3r.cif,A,3-4,6.2024
7l3r.cif,A,4-5,5.6224
7l3r.cif,A,5-6,5.7965
7l3r.cif,A,6-7,5.5407
7l3r.cif,A,7-8,4.9659
7l3r.cif,A,8-9,5.6588
7l3r.cif,A,9-10,6.1401
7l3r.cif,A,10-11,5.6879
7l3r.cif,A,11-12,5.4878
7l3r.cif,A,12-13,5.5877
7l3r.cif,A,13-14,5.4095
7l3r.cif,A,14-15,5.5099
7l3r.cif,A,15-16,5.559
7l3r.cif,A,16-17,5.7113
7l3r.cif,A,17-18,5.5672
7l3r.cif,A,18-19,6.1109
7l3r.cif,A,19-20,5.8207
7l3r.cif,A,20-21,5.5113
7l3r.cif,A,21-22,5.5873
7l3r.cif,A,22-23,5.7176
7l3r.cif,A,23-24,5.7437
7l3r.cif,A,24-25,5.8946
7l3r.cif,A,25-26,5.6165
7l3r.cif,A,26-27,5.7839
3dvz.cif,A,1-2,6.4515
3dvz.cif,A,2-3,6.3831
3dvz.cif,A,3-4,5.7389
3dvz.cif,A,4-5,5.5668
3dvz.cif,A,5-6,5.8252
3dvz.cif,A,6-7,5.5268
3dvz.cif,A,7-8,4.9642
3dvz.cif,A,8-9,5.6661
3dvz.cif,A,9-10,6.1385
3dvz.cif,A,10-11,5.6714
3dvz.cif,A,11-12,5.4251
3dvz.cif,A,12-13,5.5886
3dvz.cif,A,13-14,5.3892
3dvz.cif,A,14-15,5.4822
3dvz.cif,A,15-16,5.5396
3dvz.cif,A,16-17,5.7304
3dvz.cif,A,17-18,5.5209
3dvz.cif,A,18-19,6.1541
3dvz.cif,A,19-20,5.818
3dvz.cif,A,20-21,5.4875
3dvz.cif,A,21-22,5.5662
3dvz.cif,A,22-23,5.7059
3dvz.cif,A,23-24,5.7854
3dvz.cif,A,24-25,5.8267
3dvz.cif,A,25-26,5.6215
3dvz.cif,A,26-27,5.7975
485d.cif,A,2-3,5.4276
485d.cif,A,3-4,5.71
485d.cif,A,4-5,6.119
485d.cif,A,5-6,5.7066
485d.cif,A,6-7,5.6393
485d.cif,A,7-8,5.7949
485d.cif,A,8-9,5.8786
485d.cif,B,2-3,5.5599
485d.cif,B,3-4,5.9912
485d.cif,B,4-5,5.7412
485d.cif,B,5-6,5.8329
485d.cif,B,6-7,5.7908
485d.cif,B,7-8,6.0311
485d.cif,B,8-9,5.6234
3r1e.cif,A,1-2,5.7129
3r1e.cif,A,2-3,6.1695
3r1e.cif,A,3-4,5.5905
3r1e.cif,A,4-5,5.7722
3r1e.cif,A,5-6,5.6444
3r1e.cif,A,6-7,5.8305
3r1e.cif,A,7-8,5.6887
3r1e.cif,B,1-2,5.6624
3r1e.cif,B,2-3,6.3042
3r1e.cif,B,3-4,5.5971
3r1e.cif,B,4-5,5.6365
3r1e.cif,B,5-6,5.6406
3r1e.cif,B,6-7,5.7572
3r1e.cif,B,7-8,5.6168
3dw7.cif,A,1-2,6.4072
3dw7.cif,A,2-3,6.4381
3dw7.cif,A,3-4,5.6631
3dw7.cif,A,4-5,5.5985
3dw7.cif,A,5-6,5.8208
3dw7.cif,A,6-7,5.5095
3dw7.cif,A,7-8,4.8532
3dw7.cif,A,8-9,5.6087
3dw7.cif,A,9-10,6.1285
3dw7.cif,A,10-11,5.7206
3dw7.cif,A,11-12,5.4259
3dw7.cif,A,12-13,5.5784
3dw7.cif,A,13-14,5.3882
3dw7.cif,A,14-15,5.4737
3dw7.cif,A,15-16,5.5526
3dw7.cif,A,16-17,5.7302
3dw7.cif,A,17-18,5.5212
3dw7.cif,A,18-19,6.1637
3dw7.cif,A,19-20,5.8112
3dw7.cif,A,20-21,5.4882
3dw7.cif,A,21-22,5.59
3dw7.cif,A,22-23,6.1593
3dw7.cif,A,23-24,5.7468
3dw7.cif,A,24-25,5.8459
3dw7.cif,A,25-26,5.5813
3dw7.cif,A,26-27,5.6989
7ucr.cif,A,1-2,5.8086
7ucr.cif,A,2-3,5.1286
7ucr.cif,A,3-4,6.0962
7ucr.cif,A,4-5,5.6149
7ucr.cif,A,5-6,5.862
7ucr.cif,A,6-7,5.5177
7ucr.cif,A,7-8,4.954
7ucr.cif,A,8-9,5.7062
7ucr.cif,A,9-10,6.0845
7ucr.cif,A,10-11,5.7483
7ucr.cif,A,11-12,5.4367
7ucr.cif,A,12-13,5.6221
7ucr.cif,A,13-14,5.4329
7ucr.cif,A,14-15,5.6456
7ucr.cif,A,15-16,5.5591
7ucr.cif,A,16-17,5.719
7ucr.cif,A,17-18,5.5531
7ucr.cif,A,18-19,6.1157
7ucr.cif,A,19-20,5.8035
7ucr.cif,A,20-21,5.5063
7ucr.cif,A,21-22,5.5893
7ucr.cif,A,22-23,5.7453
7ucr.cif,A,23-24,5.7514
7ucr.cif,A,24-25,6.1228
7ucr.cif,A,25-26,5.4083
7ucr.cif,A,26-27,5.8846
5vxq.cif,A,1-2,5.9689
5vxq.cif,A,2-3,5.8486
5vxq.cif,A,3-4,5.6996
5vxq.cif,A,4-5,5.7286
5vxq.cif,A,5-6,5.5983
5vxq.cif,A,6-7,5.6158
5vxq.cif,A,7-8,5.7176
5vxq.cif,A,8-9,5.6688
5vxq.cif,A,9-10,5.6497
5vxq.cif,A,10-11,5.6868
5vxq.cif,B,1-2,5.6921
5vxq.cif,B,2-3,5.5584
5vxq.cif,B,3-4,5.5803
5vxq.cif,B,4-5,5.7557
5vxq.cif,B,5-6,5.7286
5vxq.cif,B,6-7,5.6817
5vxq.cif,B,7-8,5.681
5vxq.cif,B,8-9,5.6716
5vxq.cif,B,9-10,5.6703
5vxq.cif,B,10-11,5.6325
