Fichier,Chaine,Nombre_P,Distance_Moyenne_A
3dw6,A,26,5.9688
4rbq,A,31,5.8683
6zyb,A,26,5.9512
7qsh,A,25,5.9707
5nqi,A,26,6.0109
5ebi,A,5,5.9277
5ebi,B,5,5.8112
5ebi,C,5,6.5175
5ebi,D,5,5.7888
5ebi,E,5,5.9797
5ebi,F,5,6.6012
5ebi,G,5,5.993
5ebi,H,5,6.5835
4rne,A,5,6.1496
4rne,B,5,6.19
4rne,C,5,6.187
4rne,D,5,6.1833
4rne,E,5,6.1387
4rne,F,5,6.1549
4rne,G,5,6.2399
4rne,H,5,6.2269
5v2h,A,7,5.856
5v2h,B,7,5.8062
5v2h,C,7,5.7559
5v2h,D,7,5.7853
5da6,A,31,5.8764
4y27,A,26,5.9028
8vjt,A,5,6.08
8vjt,B,5,6.1844
7qua,A,11,5.7627
4nlf,A,26,6.0028
1q9a,A,26,5.9407
4rkv,A,5,6.1762
4rkv,B,5,6.1344
3nj6,A,9,5.9012
4xk0,A,5,6.0738
4xk0,B,5,5.8611
4nmg,A,25,5.9621
6y0y,A,26,5.9665
4jrd,A,10,5.7389
4jrd,B,10,5.6762
4rj1,A,5,6.1929
4rj1,B,5,6.1882
2wna,A,5,5.3499
5d99,A,26,5.9783
5mrx,A,26,6.0109
1j8g,A,5,6.2228
1j8g,B,5,6.1872
1j8g,C,5,6.2062
1j8g,D,5,6.1145
3dw5,A,26,6.0037
7qp2,A,26,5.9344
5k8h,A,2,5.8923
3dw4,A,26,5.9676
8pfq,A,11,5.723
8pfq,B,11,5.7524
9en6,A,5,5.7955
9en6,B,5,5.6926
9en6,C,5,5.7518
9en6,D,5,5.8853
7l3r,A,26,5.9276
3dvz,A,26,6.0058
485d,A,8,5.8859
485d,B,8,5.8282
3r1e,A,7,5.9382
3r1e,B,7,5.8713
3dw7,A,26,5.98
7ucr,A,26,5.936
5vxq,A,10,5.7394
5vxq,B,10,5.6729
